date,owner,repo,stars,clones,unique_clones,views,unique_views
2025-05-31,timf34,ChatGPT-History-Search,3,0,0,1,1
2025-09-07,timf34,ChatGPT-History-Search,3,0,0,0,0
2025-09-08,timf34,ChatGPT-History-Search,3,0,0,0,0
2025-09-09,timf34,ChatGPT-History-Search,3,0,0,0,0
2025-09-10,timf34,ChatGPT-History-Search,3,0,0,0,0
2025-09-11,timf34,ChatGPT-History-Search,3,0,0,0,0
2025-09-12,timf34,ChatGPT-History-Search,3,0,0,0,0
2025-09-13,timf34,ChatGPT-History-Search,3,0,0,0,0
2025-09-14,timf34,ChatGPT-History-Search,3,0,0,0,0
2025-09-15,timf34,ChatGPT-History-Search,3,0,0,0,0
2025-09-16,timf34,ChatGPT-History-Search,3,0,0,0,0
2025-09-17,timf34,ChatGPT-History-Search,3,0,0,0,0
2025-09-18,timf34,ChatGPT-History-Search,3,0,0,0,0
2025-09-19,timf34,ChatGPT-History-Search,3,0,0,0,0
2025-09-20,timf34,ChatGPT-History-Search,3,0,0,0,0
2025-09-21,timf34,ChatGPT-History-Search,3,0,0,0,0
2025-09-22,timf34,ChatGPT-History-Search,3,0,0,0,0
2025-09-23,timf34,ChatGPT-History-Search,3,0,0,0,0
2025-09-24,timf34,ChatGPT-History-Search,3,0,0,0,0
2025-09-25,timf34,ChatGPT-History-Search,3,0,0,0,0
2025-09-26,timf34,ChatGPT-History-Search,3,0,0,0,0
2025-09-27,timf34,ChatGPT-History-Search,3,0,0,0,0
2025-09-28,timf34,ChatGPT-History-Search,3,0,0,0,0
2025-09-29,timf34,ChatGPT-History-Search,3,0,0,0,0
2025-09-30,timf34,ChatGPT-History-Search,3,0,0,0,0
2025-10-01,timf34,ChatGPT-History-Search,3,0,0,0,0
2025-10-02,timf34,ChatGPT-History-Search,3,0,0,0,0
2025-10-03,timf34,ChatGPT-History-Search,3,0,0,0,0
2025-10-04,timf34,ChatGPT-History-Search,3,0,0,0,0
2025-10-05,timf34,ChatGPT-History-Search,3,0,0,0,0
2025-10-06,timf34,ChatGPT-History-Search,3,0,0,0,0
2025-10-07,timf34,ChatGPT-History-Search,3,0,0,0,0
2025-10-08,timf34,ChatGPT-History-Search,3,0,0,0,0
2025-10-09,timf34,ChatGPT-History-Search,3,0,0,0,0
2025-10-10,timf34,ChatGPT-History-Search,3,0,0,0,0
2025-10-11,timf34,ChatGPT-History-Search,3,0,0,0,0
2025-10-12,timf34,ChatGPT-History-Search,3,0,0,0,0
2025-10-13,timf34,ChatGPT-History-Search,3,0,0,0,0
2025-10-14,timf34,ChatGPT-History-Search,3,0,0,0,0
2025-10-15,timf34,ChatGPT-History-Search,3,0,0,0,0
2025-10-16,timf34,ChatGPT-History-Search,3,0,0,0,0
2025-10-17,timf34,ChatGPT-History-Search,3,0,0,0,0
2025-10-18,timf34,ChatGPT-History-Search,3,0,0,0,0
2025-10-19,timf34,ChatGPT-History-Search,3,0,0,0,0
2025-10-20,timf34,ChatGPT-History-Search,3,0,0,0,0
2025-10-21,timf34,ChatGPT-History-Search,3,0,0,0,0
2025-10-22,timf34,ChatGPT-History-Search,3,0,0,0,0
2025-10-23,timf34,ChatGPT-History-Search,3,0,0,0,0
2025-10-24,timf34,ChatGPT-History-Search,3,0,0,0,0
2025-10-25,timf34,ChatGPT-History-Search,3,0,0,0,0
2025-10-26,timf34,ChatGPT-History-Search,3,0,0,0,0
2025-10-27,timf34,ChatGPT-History-Search,3,0,0,0,0
2025-10-28,timf34,ChatGPT-History-Search,3,0,0,0,0
2025-10-29,timf34,ChatGPT-History-Search,3,0,0,0,0
2025-10-30,timf34,ChatGPT-History-Search,3,0,0,0,0
2025-10-31,timf34,ChatGPT-History-Search,3,0,0,0,0
2025-11-01,timf34,ChatGPT-History-Search,3,0,0,0,0
2025-11-02,timf34,ChatGPT-History-Search,3,0,0,0,0
2025-11-03,timf34,ChatGPT-History-Search,3,0,0,0,0
2025-11-04,timf34,ChatGPT-History-Search,3,0,0,0,0
2025-11-05,timf34,ChatGPT-History-Search,3,0,0,0,0
2025-11-06,timf34,ChatGPT-History-Search,3,0,0,0,0
2025-11-07,timf34,ChatGPT-History-Search,3,0,0,0,0
2025-11-08,timf34,ChatGPT-History-Search,3,0,0,0,0
2025-11-09,timf34,ChatGPT-History-Search,3,0,0,0,0
2025-11-10,timf34,ChatGPT-History-Search,3,0,0,0,0
2025-11-11,timf34,ChatGPT-History-Search,3,0,0,0,0
2025-11-12,timf34,ChatGPT-History-Search,3,0,0,0,0
2025-11-13,timf34,ChatGPT-History-Search,3,0,0,0,0
2025-11-14,timf34,ChatGPT-History-Search,3,0,0,0,0
2025-11-15,timf34,ChatGPT-History-Search,3,0,0,0,0
2025-11-16,timf34,ChatGPT-History-Search,3,0,0,0,0
2025-11-17,timf34,ChatGPT-History-Search,3,0,0,0,0
2025-11-18,timf34,ChatGPT-History-Search,3,0,0,0,0
2025-11-19,timf34,ChatGPT-History-Search,3,0,0,0,0
2025-11-20,timf34,ChatGPT-History-Search,3,0,0,0,0
2025-11-21,timf34,ChatGPT-History-Search,3,0,0,0,0
2025-11-22,timf34,ChatGPT-History-Search,3,0,0,0,0
2025-11-23,timf34,ChatGPT-History-Search,3,0,0,0,0
2025-11-24,timf34,ChatGPT-History-Search,3,0,0,0,0
2025-11-25,timf34,ChatGPT-History-Search,3,0,0,0,0
2025-11-26,timf34,ChatGPT-History-Search,3,0,0,0,0
2025-11-27,timf34,ChatGPT-History-Search,3,0,0,0,0
2025-11-28,timf34,ChatGPT-History-Search,3,0,0,0,0
2025-11-29,timf34,ChatGPT-History-Search,3,0,0,0,0
2025-11-30,timf34,ChatGPT-History-Search,3,0,0,0,0
2025-12-01,timf34,ChatGPT-History-Search,3,0,0,0,0
2025-12-02,timf34,ChatGPT-History-Search,3,0,0,0,0
2025-12-03,timf34,ChatGPT-History-Search,3,0,0,0,0
2025-12-04,timf34,ChatGPT-History-Search,3,0,0,0,0
2025-12-05,timf34,ChatGPT-History-Search,3,0,0,0,0
2025-12-06,timf34,ChatGPT-History-Search,3,0,0,0,0
2025-12-07,timf34,ChatGPT-History-Search,3,0,0,0,0
2025-12-08,timf34,ChatGPT-History-Search,3,0,0,0,0
2025-12-09,timf34,ChatGPT-History-Search,3,0,0,0,0
2025-12-10,timf34,ChatGPT-History-Search,3,0,0,0,0
2025-12-11,timf34,ChatGPT-History-Search,3,0,0,0,0
2025-12-12,timf34,ChatGPT-History-Search,3,0,0,0,0
2025-12-13,timf34,ChatGPT-History-Search,3,0,0,0,0
2025-12-14,timf34,ChatGPT-History-Search,3,0,0,0,0
2025-12-15,timf34,ChatGPT-History-Search,3,0,0,0,0
2025-12-16,timf34,ChatGPT-History-Search,3,0,0,0,0
2025-12-17,timf34,ChatGPT-History-Search,3,0,0,0,0
2025-12-18,timf34,ChatGPT-History-Search,3,0,0,0,0
2025-12-19,timf34,ChatGPT-History-Search,3,0,0,0,0
2025-12-20,timf34,ChatGPT-History-Search,3,0,0,0,0
2025-12-21,timf34,ChatGPT-History-Search,3,0,0,0,0
2025-12-22,timf34,ChatGPT-History-Search,3,0,0,0,0
2025-12-23,timf34,ChatGPT-History-Search,3,0,0,0,0
2025-12-24,timf34,ChatGPT-History-Search,3,0,0,0,0
2025-12-25,timf34,ChatGPT-History-Search,3,0,0,0,0
2025-12-26,timf34,ChatGPT-History-Search,3,0,0,0,0
2025-12-27,timf34,ChatGPT-History-Search,3,0,0,0,0
2025-12-28,timf34,ChatGPT-History-Search,3,0,0,0,0
2025-12-29,timf34,ChatGPT-History-Search,3,0,0,0,0
2025-12-30,timf34,ChatGPT-History-Search,3,0,0,0,0
2025-12-31,timf34,ChatGPT-History-Search,3,0,0,0,0
2026-01-01,timf34,ChatGPT-History-Search,3,0,0,0,0
2026-01-02,timf34,ChatGPT-History-Search,3,0,0,0,0
2026-01-03,timf34,ChatGPT-History-Search,3,0,0,0,0
2026-01-04,timf34,ChatGPT-History-Search,3,0,0,0,0
2026-01-05,timf34,ChatGPT-History-Search,3,0,0,0,0
2026-01-06,timf34,ChatGPT-History-Search,3,0,0,0,0
2026-01-07,timf34,ChatGPT-History-Search,3,0,0,0,0
2026-01-08,timf34,ChatGPT-History-Search,3,0,0,0,0
2026-01-09,timf34,ChatGPT-History-Search,3,0,0,0,0
2026-01-10,timf34,ChatGPT-History-Search,3,0,0,0,0
2026-01-11,timf34,ChatGPT-History-Search,3,0,0,0,0
2026-01-12,timf34,ChatGPT-History-Search,3,0,0,0,0
2026-01-13,timf34,ChatGPT-History-Search,3,0,0,0,0
2026-01-14,timf34,ChatGPT-History-Search,3,0,0,0,0
2026-01-15,timf34,ChatGPT-History-Search,3,0,0,0,0
2026-01-16,timf34,ChatGPT-History-Search,3,0,0,0,0
2026-01-17,timf34,ChatGPT-History-Search,3,0,0,0,0
2026-01-18,timf34,ChatGPT-History-Search,3,0,0,0,0
2026-01-19,timf34,ChatGPT-History-Search,3,0,0,0,0
2026-01-20,timf34,ChatGPT-History-Search,3,0,0,0,0
