date,owner,repo,stars,clones,unique_clones,views,unique_views
2025-09-07,timf34,github-engagement-stats,3,0,0,0,0
2025-09-08,timf34,github-engagement-stats,3,0,0,0,0
2025-09-09,timf34,github-engagement-stats,3,0,0,0,0
2025-09-10,timf34,github-engagement-stats,3,0,0,0,0
2025-09-11,timf34,github-engagement-stats,3,0,0,0,0
2025-09-12,timf34,github-engagement-stats,3,0,0,0,0
2025-09-13,timf34,github-engagement-stats,3,0,0,0,0
2025-09-14,timf34,github-engagement-stats,3,0,0,0,0
2025-09-15,timf34,github-engagement-stats,3,0,0,0,0
2025-09-16,timf34,github-engagement-stats,3,0,0,0,0
2025-09-17,timf34,github-engagement-stats,3,0,0,0,0
2025-09-18,timf34,github-engagement-stats,3,0,0,0,0
2025-09-19,timf34,github-engagement-stats,3,0,0,0,0
2025-09-20,timf34,github-engagement-stats,3,0,0,0,0
2025-09-21,timf34,github-engagement-stats,3,0,0,0,0
2025-09-22,timf34,github-engagement-stats,3,0,0,0,0
2025-09-23,timf34,github-engagement-stats,3,0,0,0,0
